target,mae,rmse,r2
CompressorHealth,0.01752757703010723,0.02184473914447668,0.9130005531226231
CombustorHealth,0.013197118892204164,0.01660262170588336,0.722941459733284
TurbineHealth,0.013051378511597028,0.01875994869531774,0.8842376267786313
OverallHealth,0.009833014214903459,0.014722072806945612,0.9284877252243185
Thrust_N,2290.9601323120523,2945.2940511809297,0.9642381998158356
TSFC_g_N_s,0.0007768195327706249,0.0009462854475781557,0.9800431598673379
